Twitter_ID,Twitter_User,Creation_Date,Follower_Count,Friend_Count,Post_Count,Liked_Count,List_Count,Language,is_protected,is_verified
9.99E+17,NintendoLaboFR,1526983527,3014,0,10,0,5,en,0,1
9.99E+17,Zero21Dec,1526982877,5829,6,158,1,3,en,0,1
9.99E+17,GoogleCloud_IN,1526951259,368,90,94,276,1,en,0,1
9.99E+17,tver_fwc,1526909603,4898,66,89,2,36,ja,0,1
9.97E+17,ImKRUNKKK,1526633047,1323,7,25,1,1,en,0,1
9.97E+17,PUBGEsports,1526584590,17939,36,48,12,17,en,0,1
9.97E+17,paulwernick,1526574354,1667,101,28,40,13,en,0,1
9.97E+17,FTCPhillips,1526564000,608,188,39,11,13,en,0,1
9.99E+17,o2es,1526986868,2388,0,392,0,14,es,0,1
9.99E+17,sekirothegame,1527010311,6660,2,1,0,27,en,0,1
9.99E+17,RussTamblyn,1527106877,15593,3,72,102,49,en,0,1
9.99E+17,NSFOIG,1527089658,100,137,9,4,2,en,0,1
1.01E+18,MonsterSmallBiz,1528468369,27,0,427,3,0,en,0,1
1.00E+18,MillyShapiro,1528387580,590,55,81,415,1,en,0,1
1.00E+18,GMarquis45,1528379248,1739,237,6,0,24,en,0,1
9.83E+17,TheAthleticCBUS,1523301291,685,31,603,22,12,en,0,1
9.83E+17,realDustinClare,1523156873,785,0,0,0,0,en,0,1
9.83E+17,LancomeFR,1523268608,829,42,93,420,0,fr,0,1
9.83E+17,nikkei_hiramoto,1523269076,852,203,67,4,3,ja,0,1
9.83E+17,HereditaryUK,1523283559,711,6,140,403,2,en,0,1
9.94E+17,BeatrizGMuller,1525886524,83215,206,298,314,131,es,0,1
9.94E+17,Kent_Walker,1525887853,700,62,58,59,4,en,0,1
9.94E+17,ShaktiManch,1525804807,2670,5,1770,13,0,en,0,1
9.93E+17,JGallardo_17,1525645522,10854,34,68,253,31,en,0,1
9.97E+17,MTVCribs,1526596296,463,38,63,60,1,en,0,1
9.96E+17,JacobElordi,1526359709,80860,1,1,0,21,en,0,1
9.96E+17,NourActress,1526310177,28843,25,7,6,12,en,0,1
9.96E+17,sawadeeworldcup,1526302368,19580,16,2476,706,11,th,0,1
9.96E+17,onlyvote4bts,1526303782,0,3,409,0,0,en,0,0
9.96E+17,ratizzy7,1526303777,5,111,3,6,0,en,0,0
9.96E+17,Ewonke13,1526303774,614,2537,1114,2484,1,en,0,0
9.96E+17,yuzumoti__04,1526303765,121,121,518,569,7,ja,0,0
9.96E+17,mery_ula,1526303758,1,25,1,9,0,en,0,0
9.96E+17,ootanisyouheiga,1526303753,776,1320,980,139,0,ja,0,0
9.96E+17,emre35_yasin,1526303748,24,11,37,384,0,en,0,0
9.96E+17,Joky89493089,1526303745,81,96,139,148,0,es,0,0
9.96E+17,ogapi_kinkamu,1526303744,89,87,338,402,3,en,0,0
9.96E+17,mayooyeppo96x,1526303726,117,126,9648,4830,0,en,0,0
9.96E+17,js3729,1526303726,3,3,77,5,0,ko,0,0
9.96E+17,zahraquotes13,1526303725,73,22,829,240,0,en,0,0
9.96E+17,B_JINHARIM,1526303722,127,43,202,189,2,en,0,0
9.96E+17,lookmaimadeit,1526303716,3,6,18,65,0,en,0,0
9.96E+17,DjChik2,1526303715,21,327,17,10,0,en,0,0
9.96E+17,Juliana76984940,1526303713,11,49,435,409,0,en,0,0
9.96E+17,ok5550484410,1526303712,0,0,1,0,0,en,0,0
9.96E+17,AijazWa87505197,1526303710,0,23,9,5,0,en,0,0
9.96E+17,TinaP8521,1526303709,0,4,41,14,0,en,0,0
9.96E+17,dddoootttz,1526303704,32,37,15670,14972,0,en,0,0
9.96E+17,tFKDezcePUPHotM,1526303698,0,50,0,0,0,en,0,0
9.96E+17,karamel26512267,1526303697,522,1558,239,539,0,en,0,0
9.96E+17,Guadalu52795997,1526303685,2,11,48,45,0,en,0,0
9.96E+17,__920914__,1526303684,2,1,3,0,0,ko,0,0
9.96E+17,magnolias951,1526303680,0,31,0,14,0,fr,0,0
9.96E+17,ayookev19,1526303676,16,138,61,69,0,en,0,0
9.96E+17,Ravikantyadav59,1526303671,0,14,3,0,0,en,0,0
9.96E+17,RinE0218jhopeee,1526303660,285,791,707,924,0,en,0,0
9.96E+17,thehealunit,1526303657,339,80,2886,4066,6,en,0,0
9.96E+17,GuilleMesa1,1526303655,0,77,1,0,0,en,0,0
9.96E+17,MIXX_XM,1526303646,17,40,755,93,0,en,0,0
9.96E+17,blackxjenkim,1526303644,180,354,469,4,0,en,0,0
9.96E+17,BiologyHgs,1526303639,37,3,40,0,0,en,0,0
9.96E+17,viva_mim,1526303636,183,218,2931,732,0,ko,0,0
9.96E+17,Playboybarbi,1526303623,147,296,593,515,0,en,0,0
9.96E+17,_camis_20,1526303622,21,78,167,69,0,en,0,0
9.96E+17,o7NAlZ2h5FM115X,1526303608,45,264,23,179,0,en,0,0
9.96E+17,chanimoon7,1526303597,40,218,271,109,0,en,0,0
9.96E+17,Gabriel85277858,1526303595,2,24,3,5,0,en,0,0
9.96E+17,3rchsquad,1526303592,122,178,5422,505,0,en,0,0
9.96E+17,WorldVector,1526303592,1,8,8,0,0,en,0,0
9.96E+17,hesihesiyuyu,1526303583,2,7,73,50,0,en,0,0
9.96E+17,MeanStreamTeam,1526303577,8,113,30,71,0,en,0,0
9.96E+17,emilybenton23,1526303573,82,170,114,764,0,en,0,0
9.96E+17,UM_MYKW_,1526303570,167,177,968,1496,5,ja,0,0
9.96E+17,Costa78334846,1526303564,10,31,55,599,0,pt,0,0
9.96E+17,aasiskksihkaas1,1526303563,0,64,9,0,0,en,0,0
9.96E+17,elvis_erekosima,1526303562,46,187,39,12,0,en,0,0
9.96E+17,beautiful_2days,1526303557,30,49,30,11,0,ja,0,0
9.96E+17,u8oSjb0qqekmn1g,1526303557,1,15,40,2,0,en,0,0
9.96E+17,csexyporn,1526303540,7,30,202,5,0,en,0,0
9.96E+17,areumdawoy,1526303538,482,537,2968,327,1,id,0,0
9.96E+17,EiraPier,1526303534,20,58,460,1731,0,en,0,0
9.96E+17,stan3510,1526303530,1,42,19,97,0,en,0,0
9.96E+17,shiraishi_u,1526303529,51,53,1052,217,6,en,0,0
9.96E+17,yonce_booty,1526303525,664,1076,227,716,0,en,0,0
9.96E+17,M8zFjIEnbPdP3jo,1526303523,223,310,2225,1273,0,en,0,0
9.96E+17,longdoo12,1526303521,16,186,2742,2919,0,en,0,0
9.96E+17,babu_ngs,1526303504,2,65,4,1,0,en,0,0
9.96E+17,kissCarmenK,1526303497,210,583,6,6,0,en,0,0
9.96E+17,YazminC74365889,1526303495,123,208,819,1476,0,en,0,0
9.96E+17,tata25_twt,1526303493,796,807,5990,3778,1,en,0,0
9.96E+17,Efrenantoniodi2,1526303489,0,21,1,0,0,en,0,0
9.96E+17,ca_milaborges12,1526303488,41,47,58,192,0,en,0,0
9.96E+17,PhmThCmT18,1526303484,107,241,7,51,0,en,0,0
9.96E+17,EnriquezPhia,1526303480,11,64,1,2,0,en,0,0
9.96E+17,KarenMo06514375,1526303478,99,204,890,1844,0,en,0,0
9.96E+17,john_gahamanyi,1526303467,0,30,1,0,0,en,0,0
9.96E+17,UmeshKu34397440,1526303457,0,0,1,0,0,en,0,0
9.96E+17,Ava_Sarahbellum,1526303451,46,313,1068,10515,0,en,0,0
9.96E+17,UJLWlCWwO7uBzMo,1526303438,9,366,40,225,0,en,0,0
9.96E+17,DeziKing1,1526303436,0,13,9,2,0,en,0,0
9.96E+17,Sam53841687,1526303434,2,32,98,1,0,en,0,0
9.96E+17,hiromuJanuary28,1526303428,60,68,22,107,0,en,0,0
9.96E+17,_Mica_09,1526303426,24,34,93,87,0,pt,0,0
9.96E+17,astklqe,1526303424,5,6,147,68,0,en,0,0
9.96E+17,Uxamabtt1,1526303423,4,91,12,170,0,en,0,0
9.96E+17,aJOqkJN3upWzaQQ,1526303420,313,434,173,358,0,en,0,0
9.96E+17,AmalAlsgir,1526303399,9,73,15,19,0,en,0,0
9.96E+17,SK_KR_26,1526303391,13,32,49,123,1,ja,0,0
9.96E+17,ocesca1,1526303390,8,164,50,32,0,es,0,0
9.96E+17,BasharatRehma11,1526303376,7,83,8,50,0,en,0,0
9.96E+17,JobOmbati9,1526303358,29,286,59,49,0,en,0,0
9.96E+17,MehmetArsln1903,1526303357,219,209,49,21,0,tr,0,0
9.96E+17,18DxYldkCpDNXla,1526303354,1,3,19,30,0,ja,0,0
9.96E+17,KhalidHyder4,1526303345,0,0,7,0,0,en,0,0
9.96E+17,LevyMoriya,1526303332,25,63,80,412,0,en,0,0
9.96E+17,VWcUofFpJisoXfx,1526303327,452,741,1075,586,0,ja,0,0
9.96E+17,SumitAg69146605,1526303312,5,34,113,276,0,en,0,0
9.96E+17,Yoongin70644639,1526303303,99,108,3526,6532,0,pt,0,0
9.96E+17,BB_Tatianaa,1526303297,11,7,40,81,0,en,0,0
9.96E+17,MichelleJennik4,1526303294,1,26,0,0,0,en,0,0
9.96E+17,iiethi,1526303293,1,5,9,4,0,en,0,0
9.96E+17,NatalieSAM95,1526303281,3,89,0,0,0,en,0,0
9.96E+17,mrforte5,1526303277,233,907,500,455,4,en,0,0
9.96E+17,53__xt,1526303265,250,580,163,28,0,en,0,0
9.96E+17,TeresaIMuhammad,1526303255,2,37,0,8,0,en,0,0
9.96E+17,Rafa11913653,1526303248,150,671,303,3007,0,es,0,0
9.96E+17,JerryToney6,1526303244,124,36,264,139,0,en,0,0
9.96E+17,KayBee_EC,1526303235,21,61,58,114,0,en,0,0
9.96E+17,Gissela53768485,1526303234,38,316,9,167,0,en,0,0
9.96E+17,Lizaa__1425,1526303223,0,13,2121,3542,0,id,0,0
9.96E+17,qvlci,1526303213,157,316,408,84,0,en,0,0
9.96E+17,qxari1,1526303211,377,57,41,10243,0,en,0,0
9.96E+17,acEY1t3drz4IGxw,1526303202,22,28,292,70,0,en,0,0
9.96E+17,69Mathison,1526303200,8,129,233,1384,0,en,0,0
9.96E+17,SeokJin80164896,1526303200,117,207,529,827,0,en,0,0
9.96E+17,PaulWHillyer,1526303191,4,110,0,16,0,en,0,0
9.96E+17,LAVA15434765,1526303190,43,226,256,345,0,en,0,0
9.96E+17,RJEZZ13,1526303184,80,103,1074,206,0,en,0,0
9.96E+17,mayoangelo13,1526303173,142,455,906,1739,0,en,0,0
9.96E+17,C95347635,1526303170,5,77,100,1,0,en,0,0
9.96E+17,Ji7OJ8mjr0kfqyP,1526303165,3,10,198,58,0,ar,0,0
9.96E+17,ootanisyouheime,1526303164,1003,1635,1349,428,0,ja,0,0
9.96E+17,_totocan_,1526303164,373,409,552,1395,1,ja,0,0
9.96E+17,bangnkookie,1526303160,60,240,162,81,0,es,0,0
9.96E+17,Natalia30148039,1526303155,1,48,23,32,0,en,0,0
9.96E+17,Ramveer28601509,1526303147,18,10,681,670,0,en,0,0
9.96E+17,LihleBaba,1526303146,2,121,0,1,0,en,0,0
9.96E+17,calsbasspick,1526303145,1765,4074,6158,12548,10,en,0,0
9.96E+17,HazzzYag,1526303143,130,335,29905,3417,0,en,0,0
9.96E+17,rosariiooo_,1526303135,35,144,58,42,0,es,0,0
9.96E+17,DucShoey,1526304917,8,132,33,142,0,en,0,0
9.96E+17,h_iiiiiiiikorea,1526304914,264,263,707,2724,4,en,0,0
9.96E+17,RamanathanC9,1526304900,0,9,1,53,0,en,0,0
9.96E+17,raghad97555463,1526304896,14,101,798,73,0,en,0,0
9.96E+17,Rise31Delray,1526304883,20,102,21,0,0,en,0,0
9.96E+17,shehabma37,1526304879,17,178,4,120,0,ar,0,0
9.96E+17,ritaj2x,1526304871,2,20,20,18,0,en,0,0
9.96E+17,Anna44224918,1526304869,414,1092,213,1066,0,en,0,0
9.96E+17,SameenArc,1526304858,15,128,22,68,0,en,0,0
9.96E+17,isicivicma,1526304849,165,4791,3818,38,0,tr,0,0
9.96E+17,nameless__13__,1526304849,516,122,2205,3123,22,en,0,0
9.96E+17,Krisana24593103,1526304840,2,27,0,0,0,en,0,0
9.96E+17,James24210712,1526304840,3,11,31,72,0,en,0,0
9.96E+17,1Mls0,1526304838,4274,49,27370,218,0,en,0,0
9.96E+17,mp_portugues,1526304831,11,0,428,0,1,pt,0,0
9.96E+17,fortnit71380061,1526304824,1,26,27,5,0,en,0,0
9.96E+17,bharatbbarot75,1526304824,358,2886,667,1776,0,en,0,0
9.96E+17,kindanero87,1526304816,150,270,431,0,0,ja,0,0
9.96E+17,mit54236440,1526304806,101,122,448,1500,0,en,0,0
9.96E+17,takyoy,1526304801,1,14,0,4,0,en,0,0
9.96E+17,sarakashmari,1526304798,242,562,294,1259,0,en,0,0
9.96E+17,lindyfernanda2,1526304795,110,187,1049,386,0,pt,0,0
9.96E+17,LOVE38509650,1526304791,3,23,93,64,0,en,0,0
9.96E+17,JimmySouza65,1526304780,49,52,1203,2956,0,en,0,0
9.96E+17,KattyValdez12,1526304776,35,87,257,307,0,es,0,0
9.96E+17,RTEXq5qCnMRLwcK,1526304774,2,157,0,0,0,ru,0,0
9.96E+17,shereno19,1526304774,145,146,324,719,0,ar,0,0
9.96E+17,Elkoseur,1526304769,222,343,471,1159,0,en,0,0
9.96E+17,latishachavez21,1526304763,0,22,0,0,0,en,0,0
9.96E+17,theOGjimkraham,1526304760,6,115,7,66,0,en,0,0
9.96E+17,aaron_tukomoi,1526304747,0,73,0,0,0,en,0,0
9.96E+17,DonavenMcculley,1526304745,127,109,3,15,0,en,0,0
9.96E+17,RangaCephas,1526304734,7,140,1,0,0,en,0,0
9.96E+17,StefannYeni,1526304727,11,53,72,1312,0,en,0,0
9.96E+17,JayaramMaduvai,1526304718,5,81,25,50,0,en,0,0
9.96E+17,irtazaa48938432,1526304715,1,51,1,2,0,en,0,0
9.96E+17,AllyRempillo,1526304714,64,65,1495,1096,0,en,0,0
9.96E+17,Sandeepkb311084,1526304713,26,613,8,20,0,en,0,0
9.96E+17,ruda_ruda11,1526304706,104,49,167,244,2,ja,0,0
9.96E+17,dondedormir_,1526304702,0,1,218,0,0,es,0,0
9.96E+17,Ztokinog,1526304702,243,508,41,24,1,ja,0,0
9.96E+17,RanaAmirKhan16,1526304700,4,37,7,25,0,en,0,0
9.96E+17,bts_ggukie,1526304683,1283,1233,353,252,0,en,0,0
9.96E+17,star_rojo,1526304682,3,59,26,995,0,en,0,0
9.96E+17,NaturalOudh,1526304680,2,5,16,0,0,en,0,0
9.96E+17,UFgoNTDN9RncRqy,1526304673,4,65,314,329,0,en,0,0
9.96E+17,Anamolinacarra6,1526304658,1,26,178,1021,0,en,0,0
9.96E+17,race_4_truth,1526304650,32,185,802,19,1,en,0,0
9.96E+17,RakhiRa21074511,1526304631,3,61,109,139,0,en,0,0
9.96E+17,lenindia,1526304616,2,117,38,123,0,en,0,0
9.96E+17,KarlaRo28466944,1526304614,84,110,1685,59,0,en,0,0
9.96E+17,ma8_y7,1526304610,73,143,422,32,0,en,0,0
9.96E+17,DClEXAIPg8V9kGF,1526304603,23,108,1266,5879,0,en,0,0
9.96E+17,rcr4624_richard,1526304590,2,76,35,2,0,en,0,0
9.96E+17,mkhr_oslv,1526304568,55,87,614,205,0,en,0,0
9.96E+17,suatsobaci,1526304564,135,339,1562,6876,0,tr,0,0
9.96E+17,Laonindaeyo,1526304563,131,164,579,433,0,ko,0,0
9.96E+17,kenwhoress,1526304562,25,67,247,303,0,en,0,0
9.96E+17,Lonely_DIKI,1526304558,283,108,1100,442,0,en,0,0
9.96E+17,MGMMeddis1,1526304552,14,104,0,81,0,en,0,0
9.96E+17,flower_of_flame,1526304547,22,53,229,315,0,ru,0,0
9.96E+17,TonySopranoWire,1526304545,70,230,2284,859,0,en,0,0
9.96E+17,RiaApriliana13,1526304542,0,14,1,4,0,en,0,0
9.96E+17,yoongear,1526304540,430,416,218,186,1,en,0,0
9.96E+17,Maini_Isabella,1526304535,56,185,188,83,0,en,0,0
9.96E+17,Chaimeesuk2,1526304526,0,59,0,0,0,th,0,0
9.96E+17,winkyAdeline,1526304521,71,199,310,144,0,en,0,0
9.96E+17,realmeeey,1526304520,19,34,278,24,0,en,0,0
9.96E+17,nagadi_mohamed,1526304515,7,39,96,83,0,ar,0,0
9.96E+17,EMTEESA6,1526304508,607,808,332,610,0,en,0,0
9.96E+17,isadahoraa,1526304508,721,758,251,192,0,pt,0,0
9.96E+17,2B1AG7,1526304492,2,17,124,8,0,en,0,0
9.96E+17,jeffersonCRF91,1526304489,18,117,449,216,0,pt,0,0
9.96E+17,rondo_rev,1526304488,21,32,263,141,0,en,0,0
9.96E+17,wot_18,1526304483,25,19,814,10,0,en,0,0
9.96E+17,cfcaskeyPhD,1526304477,47,75,50,150,1,en,0,0
9.96E+17,cailfizolof,1526304476,3255,2392,264,11659,0,tr,0,0
9.96E+17,ootanisyouheida,1526304475,648,1382,1001,9,0,ja,0,0
9.96E+17,TaylorR80509954,1526304474,11,41,34,14,0,en,0,0
9.96E+17,Aarond21521247,1526304470,23,194,286,469,0,es,0,0
9.96E+17,HolyTrippyHippy,1526304468,6,111,1,1,0,en,0,0
9.96E+17,rahaf2211000,1526304464,1802,2091,637,1852,0,ar,0,0
9.96E+17,iplacid1,1526304457,38,41,272,19,0,en,0,0
9.96E+17,nouf46484253,1526304452,21,119,24,185,0,en,0,0
9.96E+17,rotmat44,1526304445,3,14,150,101,0,en,0,0
9.96E+17,yogahub17,1526304443,2,10,233,0,0,es,0,0
9.96E+17,again_koreanluv,1526304414,22,271,18380,164,0,th,0,0
9.96E+17,ShareenForbes,1526304412,32,58,3,10,1,en-gb,0,0
9.96E+17,Ms_Taehyungg,1526304401,652,1144,3292,1335,1,en,0,0
9.96E+17,hmst2911,1526304395,30,46,167,53,0,en,0,0
9.96E+17,Ryukensei3,1526304390,5,82,92,2,0,en,0,0
9.96E+17,maddie45363219,1526304385,5,107,50,353,0,en,0,0
9.96E+17,NeilCombee,1526304382,1047,3104,187,195,4,en,0,0
9.96E+17,RosieNightinga2,1526304379,1,6,0,0,0,en,0,0
9.96E+17,FygzarFrizzy,1526304369,20,97,0,0,0,en,0,0
9.96E+17,Nwabisa68072439,1526304366,44,238,134,321,0,en,0,0
9.96E+17,yookihyun_22,1526304364,1,34,591,615,0,id,0,0
9.96E+17,Thay_silvaP,1526304362,48,96,81,116,0,pt,0,0
9.96E+17,m_1109c_0423,1526304352,732,755,313,134,2,en,0,0
9.96E+17,Mehmetz17217100,1526304352,16,21,259,658,0,en,0,0
9.96E+17,guushikokaito,1526304350,135,354,525,0,0,ja,0,0
9.96E+17,nachi_williams_,1526304345,0,35,4,1,0,en,0,0
9.96E+17,sakarasu_dc,1526304344,205,20,687,195,0,ja,0,0
9.96E+17,ColeMeyerhoeff2,1526304343,10,56,7,0,0,en,0,0
9.96E+17,Rola_around30,1526304337,41,42,699,932,0,en,0,0
9.96E+17,_dohyang_,1526304328,118,109,133,816,0,ko,0,0
9.96E+17,Idealase85,1526304297,1,13,0,0,0,en,0,0
9.96E+17,gmiAutomotive,1526304296,1,21,15,6,0,en,0,0
9.96E+17,Oil42567466,1526304296,2,5,477,20,0,en,0,0
9.96E+17,xbiura,1526304295,34,66,64,10,0,en,0,0
9.96E+17,omeko_doukutu,1526304259,36,63,441,0,0,en,0,0
9.96E+17,Angie88606394,1526304251,1,41,0,0,0,en,0,0
9.96E+17,MyKorea6,1526304240,19,39,759,1644,0,en,0,0
9.96E+17,therealchannel1,1526304240,7,11,63,66,0,en,0,0
9.96E+17,melanieazubuike,1526304237,491,1525,95,87,0,en,0,0
9.96E+17,Irene69764514,1526304235,28,62,884,1073,1,es,0,0
9.96E+17,tima_bgtn,1526304231,177,859,4679,1487,0,en,0,0
9.96E+17,donnie_yarber,1526304221,198,2310,323,406,0,en,0,0
9.96E+17,sanalove1022,1526304220,189,266,159,258,0,en,0,0
9.96E+17,redchoricho,1526304218,40,54,4515,1471,0,ko,0,0
9.96E+17,Nicola27594284,1526304216,5,197,1,4,0,en,0,0
9.96E+17,sachi_BISH,1526304206,147,165,211,1364,1,en,0,0
9.96E+17,larryslade7,1526304201,5,149,82,397,0,en,0,0
9.96E+17,MhdMxyrul,1526304194,3,57,40,4,0,en,0,0
9.96E+17,ARMY03308499,1526304180,2,4,2,121,0,en,0,0
9.96E+17,DecatMichel,1526304178,3,248,0,2,0,en,0,0
9.96E+17,SyahirahRalin,1526304168,2,140,38,89,0,en,0,0
9.96E+17,JoakoCA3,1526304165,25,95,81,602,0,en,0,0
9.96E+17,JesKracht,1526304159,3,93,71,118,0,en,0,0
9.96E+17,masue43391951,1526304143,161,257,160,275,1,en,0,0
9.96E+17,BadshahKhan0001,1526304139,2,7,480,647,0,en,0,0
9.96E+17,Spago68309977,1526304138,5,93,6,9,0,en,0,0
9.96E+17,Zh0LzyAOC1qJ06x,1526304135,0,15,119,3,0,en,0,0
9.96E+17,RsZ6qF9FDkC1pQN,1526304130,12,33,687,86,0,zh-CN,0,0
9.96E+17,HaciYakup_,1526304109,286,275,476,92,0,tr,0,0
9.96E+17,Cristia53767355,1526304101,7,133,4,1,0,en,0,0
9.96E+17,NEA240,1526304096,6,86,14,65,0,en,0,0
9.96E+17,SEON_0613_,1526304089,52,143,403,217,0,ko,0,0
9.96E+17,Gemaluna09,1526304084,8,25,89,60,0,es,0,0
9.96E+17,warliess,1526304081,8,109,40,20,0,tr,0,0
9.96E+17,Hassan08812995,1526304078,0,50,0,0,0,en,0,0
9.96E+17,shika_momo_2,1526304076,1436,1885,290,0,0,ja,0,0
9.96E+17,fato219,1526304069,126,85,161,177,0,ar,0,0
9.96E+17,Turki_7amed,1526304068,60,101,142,21,0,en,0,0
9.96E+17,MarkTabiano1,1526304066,11,97,63,31,0,en,0,0
9.96E+17,hs_andradde,1526304064,15,34,27,243,0,pt,0,0
9.96E+17,BKManagement1,1526304062,126,130,24,48,1,en,0,0
9.96E+17,JT99pckXA2pMY7M,1526304056,133,408,244,702,0,en,0,0
9.96E+17,tatikawa1200731,1526304053,554,938,53,204,0,en,0,0
9.96E+17,ASI71713,1526304045,28,185,410,1303,0,en,0,0
9.96E+17,Daniela66453813,1526304041,5,28,22,38,0,en,0,0
9.96E+17,love_live_bich,1526304032,152,334,540,0,0,ja,0,0
9.96E+17,adagio_io,1526304001,19,7,7,2,0,fr,0,0
9.96E+17,hummingggirll,1526304000,12,101,299,244,0,en,0,0
9.96E+17,ZiaShakeel2,1526303991,23,49,15,129,0,en,0,0
9.96E+17,lead4sure,1526303991,6,101,42,53,0,en,0,0
9.96E+17,princesssydneyp,1526303970,75,97,227,646,0,en,0,0
9.96E+17,CfoFHmPwFEGcwN3,1526303959,6,6,10,2,0,en,0,0
9.96E+17,JeanBelgueule,1526303959,287,952,26,1,0,fr,0,0
9.96E+17,mosveganfitness,1526303952,36,39,374,793,0,en,0,0
9.96E+17,TalleresBarrosF,1526303941,76,375,140,9,0,en,0,0
9.96E+17,Saadi52021246,1526303936,1,5,32,37,0,en,0,0
9.96E+17,yo_nedu_Gensi,1526303930,867,1568,407,0,1,ja,0,0
9.96E+17,proudkingtan,1526303928,129,153,1937,134,0,tr,0,0
9.96E+17,jiminsshibaebae,1526303927,496,499,3049,5485,0,en,0,0
9.96E+17,fedealan96,1526303926,39,201,283,226,0,es,0,0
9.96E+17,SevillaAlix,1526303923,3,120,1,5,0,en,0,0
9.96E+17,memento_001,1526303903,157,148,449,2546,0,ko,0,0
9.96E+17,Sunie40496757,1526303900,0,18,229,245,0,en,0,0
9.96E+17,SavingLuciferSP,1526303897,166,114,3028,5037,0,es,0,0
9.96E+17,_venusya,1526303894,15,22,363,102,1,en,0,0
9.96E+17,malatjie_ntsako,1526303877,48,118,237,295,0,en,0,0
9.96E+17,jma_ox,1526303876,40,76,79,8,0,en,0,0
9.96E+17,Lq5lJoJMidzdTz0,1526303874,3263,5001,6438,6413,0,en,0,0
9.96E+17,manayer080,1526303870,57,60,99,21,0,en,0,0
9.96E+17,Hoseok85402601,1526303869,145,257,502,867,0,en,0,0
9.96E+17,FlyWithIM960126,1526303853,0,2,23,2,0,en,0,0
9.96E+17,urajoe_555,1526303842,16,22,139,93,0,ja,0,0
9.96E+17,ugh752,1526303839,27,39,523,13,0,en,0,0
9.96E+17,gun_man_twt,1526303804,114,110,6767,102,0,en,0,0
9.96E+17,roakiss_,1526303803,115,68,42,57,4,en,0,0
9.96E+17,Amanda71663860,1526303788,36,94,88,500,0,pt,0,0
9.96E+17,XWohan,1526303787,33,42,1670,2117,1,tr,0,0
9.96E+17,Gustavo93030323,1526303786,7,50,13,4,0,en,0,0
9.96E+17,Almuhana_Hasan,1526305766,108,71,150,1,0,en,0,0
9.96E+17,notearsdemi,1526305752,301,235,1261,1534,2,en,0,0
9.96E+17,SolehMr1,1526305747,3,35,35,47,0,en,0,0
9.96E+17,XoLing2,1526305741,0,0,18,0,0,en,0,0
9.96E+17,theanirev1,1526305735,51,0,6961,276,0,en-gb,0,0
9.96E+17,cr_hedez,1526305732,0,6,11,13,0,en,0,0
9.96E+17,Bullyena,1526305731,574,891,700,624,3,en,0,0
9.96E+17,ZexLiz,1526305729,15,203,311,407,0,en,0,0
9.96E+17,Negaaa318__,1526305713,83,199,123,54,0,en,0,0
9.96E+17,Subhash81687413,1526305712,11,82,162,822,0,en,0,0
9.96E+17,AnneGiuliano4,1526305682,12,66,18,3,0,en,0,0
9.96E+17,ootanisyouheiso,1526305671,436,1580,747,126,1,ja,0,0
9.96E+17,Efrain99877518,1526305667,1,84,81,438,0,es,0,0
9.96E+17,AmrAsad11,1526305665,2,74,0,4,0,en,0,0
9.96E+17,Leonard17944898,1526305662,583,1340,1180,1440,0,pt,0,0
9.96E+17,Patali19851,1526305660,4,103,10,6,0,en,0,0
9.96E+17,satomikamiya1,1526305657,130,159,140,77,0,en,0,0
9.96E+17,Victori29284622,1526305655,163,335,2482,1130,0,en,0,0
9.96E+17,Criisjimeneez,1526305654,53,103,184,203,0,es,0,0
9.96E+17,1ove__z,1526305653,941,27,165,0,14,ko,0,0
9.96E+17,hrtjsjty,1526305649,162,194,94,0,0,ja,0,0
9.96E+17,SyedNajum8,1526305648,1,34,2,0,0,en,0,0
9.96E+17,eline_mo,1526305647,76,560,103,3060,0,ja,0,0
9.96E+17,GMSocHealth,1526305633,21,80,20,20,0,en,0,0
9.96E+17,a95552112,1526305616,29,34,69,164,1,ja,0,0
9.96E+17,2uLHVW3hLbHotbV,1526305609,61,67,1541,470,2,en,0,0
9.96E+17,i_m_cumtributer,1526305609,2246,335,1620,1769,11,en,0,0
9.96E+17,CarlLobrio,1526305606,15,148,22,52,0,en,0,0
9.96E+17,eroreginsu,1526305584,209,309,580,0,0,ja,0,0
9.96E+17,numseibixcoito,1526305567,1,25,15,41,0,pt,0,0
9.96E+17,Liyanaxanadu2,1526305563,6,29,72,106,0,en,0,0
9.96E+17,sxngxlxrity,1526305550,18,70,238,1162,0,en,0,0
9.96E+17,peggysfondue,1526305539,458,433,1522,2219,3,es,0,0
9.96E+17,Nachovocos46,1526305532,120,188,729,213,0,es,0,0
9.96E+17,ChinyereOkenwa1,1526305526,841,1209,206,2185,1,en,0,0
9.96E+17,asyu_ARMYjk,1526305521,168,366,368,344,0,en,0,0
9.96E+17,Maail_Hashim,1526305517,32,326,6,356,0,en,0,0
9.96E+17,HoneyBadger_QB7,1526305517,177,643,129,420,0,en,0,0
9.96E+17,Vignesh06851193,1526305516,3,174,48,278,0,en,0,0
9.96E+17,JuliaSchemberg1,1526305503,14,122,89,244,0,pt,0,0
9.96E+17,bojogae64,1526305495,80,163,808,5853,0,en,0,0
9.96E+17,BenjaminZulu15,1526305488,0,69,0,0,0,en,0,0
9.96E+17,Cocobear_100,1526305474,52,75,1400,855,1,en,0,0
9.96E+17,AnnaStaub2,1526305472,3,96,0,0,0,en,0,0
9.96E+17,Fire_and_Ice18,1526305468,167,273,1041,310,0,en,0,0
9.96E+17,jdxwh1dlcrx,1526305466,0,10,4,0,0,en,0,0
9.96E+17,Emihle67013227,1526305463,18,240,25,87,0,en,1,0
9.96E+17,ricsnaitoo2,1526305457,233,171,3253,2113,0,en,0,0
9.96E+17,bbyRyRy,1526305447,48,305,187,364,0,en,0,0
9.96E+17,PunitKu43604397,1526305435,8,56,104,130,0,en,0,0
9.96E+17,thando_zimu,1526305421,9,200,13,58,0,en,0,0
9.96E+17,Surisa56025006,1526305421,0,35,234,1110,0,th,0,0
9.96E+17,KateGurney2,1526305421,1,31,0,5,0,en,0,0
9.96E+17,Bandile00381471,1526305417,44,190,188,643,0,en,0,0
9.96E+17,Siphele49547107,1526305417,25,133,242,317,0,en,0,0
9.96E+17,Muhamma29093785,1526305406,4,95,0,0,0,en,0,0
9.96E+17,Joseph36011419,1526305401,2,81,0,0,0,en,0,0
9.96E+17,yumio123_,1526305391,102,82,513,1343,1,en,0,0
9.96E+17,EHzVaWaMUOODGPL,1526305391,4,4,59,38,0,ar,0,0
9.96E+17,JoeO15572114,1526305373,19,461,4,16,0,en,0,0
9.96E+17,HB_are_the_love,1526305366,29,1,2041,5,0,ko,0,0
9.96E+17,MarissaHumbert2,1526305365,66,143,102,347,0,en,0,0
9.96E+17,Abdulla99736100,1526305359,2,84,8,23,0,en,0,0
9.96E+17,nakitajanssen6,1526305348,3,30,31,0,0,en,0,0
9.96E+17,_areumlady,1526305343,46,49,276,22,0,en,0,0
9.96E+17,vince_rcl,1526305343,234,1341,155,320,0,en,0,0
9.96E+17,Mahlats68206335,1526305333,35,117,157,405,0,en,0,0
9.96E+17,asahi___misaki,1526305327,151,158,333,327,2,en,0,0
9.96E+17,OSlove_6,1526305324,644,49,1301,489,13,ja,0,0
9.96E+17,0Olguncu,1526305312,25,135,80,801,0,tr,0,0
9.96E+17,MuhammadMuhsen1,1526305310,19,126,49,18,0,en,0,0
9.96E+17,MarkSydney3,1526305301,16,194,3,1,0,en,0,0
9.96E+17,Ms_CA_Sunshine,1526305301,23,129,272,285,0,en,0,0
9.96E+17,naivivaynohtna,1526305298,49,87,1267,2062,0,en,0,0
9.96E+17,BKWimper_,1526305298,127,138,1600,5382,2,en,0,0
9.96E+17,KimTaeArmy07,1526305292,176,249,1865,2074,0,en,0,0
9.96E+17,SajidAl11244340,1526305273,4,61,9,112,0,en,0,0
9.96E+17,TaiwoFu01856520,1526305268,3,108,0,0,0,en,0,0
9.96E+17,mariechrivas,1526305260,132,305,6690,7517,0,es,0,0
9.96E+17,issa_ramavhoya,1526305243,1,100,0,0,0,en,0,0
9.96E+17,alonsot36575016,1526305241,5,63,67,496,0,en,0,0
9.96E+17,amniathirah22,1526305233,16,127,2165,1376,0,en,0,0
9.96E+17,taetaeom,1526305232,127,376,570,407,0,en,0,0
9.96E+17,amlove2118,1526305226,7,68,198,112,0,en,0,0
9.96E+17,ElsamakWaleed,1526305211,131,719,139,15,0,en,0,0
9.96E+17,92Huncho,1526305207,4,42,67,117,0,en,0,0
9.96E+17,fireflyglows21,1526305198,0,237,9,82,0,en,1,0
9.96E+17,Nandi_MW265,1526305185,10,108,0,3,0,en,0,0
9.96E+17,I_am_a_lunatic,1526305181,492,483,4000,2857,1,en,0,0
9.96E+17,Consider_Comics,1526305179,6,53,78,318,0,en-gb,0,0
9.96E+17,RajaWaQ37060881,1526305165,91,495,28,36,0,en,0,0
9.96E+17,Razan35649137,1526305153,4,6,2,38,0,en,0,0
9.96E+17,nokingbutCaesar,1526305149,31,22,306,2021,0,en,0,0
9.96E+17,mirthfulChimmy,1526305147,68,79,1115,6955,0,en,0,0
9.96E+17,LONEWOlfejx,1526305146,236,139,1442,9739,0,en,0,0
9.96E+17,wklemt2,1526305146,6,324,22,383,0,en,0,0
9.96E+17,papyramingo,1526305146,26,359,77,26,0,en,0,0
9.96E+17,ona_nusi,1526305145,105,872,585,0,0,en,0,0
9.96E+17,deadchord,1526305142,9,25,77,72,0,en,0,0
9.96E+17,Muhamma80275259,1526305132,10,135,3,1,0,en,0,0
9.96E+17,morenarenaea,1526305127,42,118,694,978,0,es,0,0
9.96E+17,beckylikes_,1526305122,29,32,102,15,0,en,0,0
9.96E+17,muttu_07doga,1526305119,236,414,481,0,0,ja,0,0
9.96E+17,ThiagoBaldaia,1526305095,24,193,47,62,0,pt,0,0
9.96E+17,qradO5wBgva8DzZ,1526305095,1,152,1,19,0,ar,0,0
9.96E+17,xyhallasgo,1526305092,118,148,110,355,0,en,0,0
9.96E+17,ThonciS,1526305087,177,1921,73,14,0,en,0,0
9.96E+17,PotongSupaporn,1526305084,0,31,2,16,0,th,0,0
9.96E+17,GayQuakes,1526305070,488,17,133,1,1,en,0,0
9.96E+17,CardsTd,1526305051,4,41,47,0,0,en,0,0
9.96E+17,parkluv1013,1526305035,1612,120,2722,11,11,ko,0,0
9.96E+17,yoonvmin134340,1526305035,213,538,5358,4349,0,en,0,0
9.96E+17,xerawraps,1526305032,4,9,32,65,0,en,0,0
9.96E+17,FlowerGABI0212,1526305030,210,204,1926,814,3,ko,0,0
9.96E+17,JimmyFe69001447,1526305026,1,6,2,1,0,en,0,0
9.96E+17,Noah01317518,1526305016,1,53,1,4,0,en,0,0
9.96E+17,eiza_kuyper,1526305005,723,1329,147,221,0,es,0,0
9.96E+17,kdh_73x,1526305005,20,28,216,78,0,en,0,0
9.96E+17,iguminDoppel,1526305001,128,205,7047,2972,1,en,0,0
9.96E+17,_mochilattae,1526304997,735,1088,1997,1386,0,en,0,0
9.96E+17,ImJustWantMemes,1526304990,3,15,57,50,0,en,0,0
9.96E+17,sifitsyourlast,1526304989,145,133,746,823,1,en,0,0
9.96E+17,AshaDemla,1526304976,6,23,0,13,0,en,0,0
9.96E+17,Dee_ikarus,1526304975,45,27,78,85,0,en,0,0
9.96E+17,wenjuun,1526304970,182,125,2026,800,2,fr,0,0
9.96E+17,momo_AKI_489,1526304969,1103,1348,230,0,0,ja,0,0
9.96E+17,nauaun_anwu,1526304964,247,7,182,103,3,en,0,0
9.96E+17,LimpWristies18,1526304964,8,32,433,472,0,en,0,0
9.96E+17,Aysh86Pti,1526304963,476,620,5618,14093,0,en,0,0
9.96E+17,mRDuYRpZfzQ54wB,1526304959,248,246,1899,3336,10,ja,0,0
9.96E+17,WQFoVV7jRRyO0V4,1526304955,7,44,28,14,0,zh-CN,0,0
9.96E+17,ivOopyQrWQjR3PP,1526304946,1,49,25,2,0,en,0,0
9.96E+17,HAoM_42,1526304941,106,102,3281,1682,0,ko,0,0
9.96E+17,andrea_pillah,1526304939,6,94,1,0,0,en,0,0
9.96E+17,brayanmarcel,1526304936,59,64,16,93,0,pt,0,0
9.96E+17,_Mion_129,1526304933,338,225,1623,4031,1,en,0,0
9.96E+17,PsychART1,1526304923,1,10,37,25,0,en,0,0
9.96E+17,joshua_mayol,1526304922,13,161,6,17,0,en,0,0
9.96E+17,SMILE_lO2lking,1526304922,12,12,314,4,0,ja,0,0
9.96E+17,ertgyhy7yuyuyj,1526304920,1132,569,417,356,0,ar,0,0
9.96E+17,Marik84085534,1526304919,22,65,692,1814,0,fr,0,0
9.96E+17,LizStrohmeier,1526304918,15,99,8,0,0,en,0,0
9.96E+17,DucShoey,1526304917,8,132,33,142,0,en,0,0
9.96E+17,h_iiiiiiiikorea,1526304914,264,263,707,2724,4,en,0,0
9.96E+17,RamanathanC9,1526304900,0,9,1,53,0,en,0,0
9.96E+17,raghad97555463,1526304896,14,101,798,73,0,en,0,0
9.96E+17,Rise31Delray,1526304883,20,102,21,0,0,en,0,0
9.96E+17,shehabma37,1526304879,17,178,4,120,0,ar,0,0
9.96E+17,ritaj2x,1526304871,2,20,20,18,0,en,0,0
9.96E+17,Anna44224918,1526304869,414,1092,213,1066,0,en,0,0
9.96E+17,SameenArc,1526304858,15,128,22,68,0,en,0,0
9.96E+17,isicivicma,1526304849,165,4791,3818,38,0,tr,0,0
9.96E+17,nameless__13__,1526304849,516,122,2205,3123,22,en,0,0
9.96E+17,Krisana24593103,1526304840,2,27,0,0,0,en,0,0
9.96E+17,James24210712,1526304840,3,11,31,72,0,en,0,0
9.96E+17,1Mls0,1526304838,4274,49,27370,218,0,en,0,0
9.96E+17,mp_portugues,1526304831,11,0,428,0,1,pt,0,0
9.96E+17,fortnit71380061,1526304824,1,26,27,5,0,en,0,0
9.96E+17,bharatbbarot75,1526304824,358,2886,667,1776,0,en,0,0
9.96E+17,kindanero87,1526304816,150,270,431,0,0,ja,0,0
9.96E+17,mit54236440,1526304806,101,122,448,1500,0,en,0,0
9.96E+17,takyoy,1526304801,1,14,0,4,0,en,0,0
9.96E+17,sarakashmari,1526304798,242,562,294,1259,0,en,0,0
9.96E+17,lindyfernanda2,1526304795,110,187,1049,386,0,pt,0,0
9.96E+17,LOVE38509650,1526304791,3,23,93,64,0,en,0,0
9.96E+17,JimmySouza65,1526304780,49,52,1203,2956,0,en,0,0
9.96E+17,KattyValdez12,1526304776,35,87,257,307,0,es,0,0
9.96E+17,RTEXq5qCnMRLwcK,1526304774,2,157,0,0,0,ru,0,0
9.96E+17,shereno19,1526304774,145,146,324,719,0,ar,0,0
9.96E+17,Elkoseur,1526304769,222,343,471,1159,0,en,0,0
9.96E+17,latishachavez21,1526304763,0,22,0,0,0,en,0,0
9.96E+17,theOGjimkraham,1526304760,6,115,7,66,0,en,0,0
9.96E+17,aaron_tukomoi,1526304747,0,73,0,0,0,en,0,0
9.96E+17,DonavenMcculley,1526304745,127,109,3,15,0,en,0,0
9.96E+17,RangaCephas,1526304734,7,140,1,0,0,en,0,0
9.96E+17,StefannYeni,1526304727,11,53,72,1312,0,en,0,0
9.96E+17,JayaramMaduvai,1526304718,5,81,25,50,0,en,0,0
9.96E+17,irtazaa48938432,1526304715,1,51,1,2,0,en,0,0
9.96E+17,AllyRempillo,1526304714,64,65,1495,1096,0,en,0,0
9.96E+17,Sandeepkb311084,1526304713,26,613,8,20,0,en,0,0
9.96E+17,ruda_ruda11,1526304706,104,49,167,244,2,ja,0,0
9.96E+17,dondedormir_,1526304702,0,1,218,0,0,es,0,0
9.96E+17,Ztokinog,1526304702,243,508,41,24,1,ja,0,0
9.96E+17,RanaAmirKhan16,1526304700,4,37,7,25,0,en,0,0
9.96E+17,bts_ggukie,1526304683,1283,1233,353,252,0,en,0,0
9.96E+17,star_rojo,1526304682,3,59,26,995,0,en,0,0
9.96E+17,NaturalOudh,1526304680,2,5,16,0,0,en,0,0
9.96E+17,UFgoNTDN9RncRqy,1526304673,4,65,314,329,0,en,0,0
9.96E+17,Anamolinacarra6,1526304658,1,26,178,1021,0,en,0,0
9.96E+17,race_4_truth,1526304650,32,185,802,19,1,en,0,0
9.96E+17,RakhiRa21074511,1526304631,3,61,109,139,0,en,0,0
9.96E+17,lenindia,1526304616,2,117,38,123,0,en,0,0
9.96E+17,KarlaRo28466944,1526304614,84,110,1685,59,0,en,0,0
9.96E+17,ma8_y7,1526304610,73,143,422,32,0,en,0,0
9.96E+17,DClEXAIPg8V9kGF,1526304603,23,108,1266,5879,0,en,0,0
9.96E+17,rcr4624_richard,1526304590,2,76,35,2,0,en,0,0
9.96E+17,mkhr_oslv,1526304568,55,87,614,205,0,en,0,0
9.96E+17,suatsobaci,1526304564,135,339,1562,6876,0,tr,0,0
9.96E+17,Laonindaeyo,1526304563,131,164,579,433,0,ko,0,0
9.96E+17,kenwhoress,1526304562,25,67,247,303,0,en,0,0
9.96E+17,Lonely_DIKI,1526304558,283,108,1100,442,0,en,0,0
9.96E+17,MGMMeddis1,1526304552,14,104,0,81,0,en,0,0
9.96E+17,flower_of_flame,1526304547,22,53,229,315,0,ru,0,0
9.96E+17,TonySopranoWire,1526304545,70,230,2284,859,0,en,0,0
9.96E+17,RiaApriliana13,1526304542,0,14,1,4,0,en,0,0
9.96E+17,yoongear,1526304540,430,416,218,186,1,en,0,0
9.96E+17,Maini_Isabella,1526304535,56,185,188,83,0,en,0,0
9.96E+17,Chaimeesuk2,1526304526,0,59,0,0,0,th,0,0
9.96E+17,winkyAdeline,1526304521,71,199,310,144,0,en,0,0
9.96E+17,realmeeey,1526304520,19,34,278,24,0,en,0,0
9.96E+17,nagadi_mohamed,1526304515,7,39,96,83,0,ar,0,0
9.96E+17,EMTEESA6,1526304508,607,808,332,610,0,en,0,0
9.96E+17,isadahoraa,1526304508,721,758,251,192,0,pt,0,0
9.96E+17,2B1AG7,1526304492,2,17,124,8,0,en,0,0
9.96E+17,jeffersonCRF91,1526304489,18,117,449,216,0,pt,0,0
9.96E+17,rondo_rev,1526304488,21,32,263,141,0,en,0,0
9.96E+17,wot_18,1526304483,25,19,814,10,0,en,0,0
9.96E+17,cfcaskeyPhD,1526304477,47,75,50,150,1,en,0,0
9.96E+17,cailfizolof,1526304476,3255,2392,264,11659,0,tr,0,0
9.96E+17,ootanisyouheida,1526304475,648,1382,1001,9,0,ja,0,0
9.96E+17,TaylorR80509954,1526304474,11,41,34,14,0,en,0,0
9.96E+17,Aarond21521247,1526304470,23,194,286,469,0,es,0,0
9.96E+17,HolyTrippyHippy,1526304468,6,111,1,1,0,en,0,0
9.96E+17,rahaf2211000,1526304464,1802,2091,637,1852,0,ar,0,0
9.96E+17,iplacid1,1526304457,38,41,272,19,0,en,0,0
9.96E+17,nouf46484253,1526304452,21,119,24,185,0,en,0,0
9.96E+17,rotmat44,1526304445,3,14,150,101,0,en,0,0
9.96E+17,yogahub17,1526304443,2,10,233,0,0,es,0,0
9.96E+17,again_koreanluv,1526304414,22,271,18380,164,0,th,0,0
9.96E+17,ShareenForbes,1526304412,32,58,3,10,1,en-gb,0,0
9.96E+17,Ms_Taehyungg,1526304401,652,1144,3292,1335,1,en,0,0
9.96E+17,hmst2911,1526304395,30,46,167,53,0,en,0,0
9.96E+17,Ryukensei3,1526304390,5,82,92,2,0,en,0,0
9.96E+17,maddie45363219,1526304385,5,107,50,353,0,en,0,0
9.96E+17,NeilCombee,1526304382,1047,3104,187,195,4,en,0,0
9.96E+17,RosieNightinga2,1526304379,1,6,0,0,0,en,0,0
9.96E+17,FygzarFrizzy,1526304369,20,97,0,0,0,en,0,0
9.96E+17,Nwabisa68072439,1526304366,44,238,134,321,0,en,0,0
9.96E+17,yookihyun_22,1526304364,1,34,591,615,0,id,0,0
9.96E+17,Thay_silvaP,1526304362,48,96,81,116,0,pt,0,0
9.96E+17,m_1109c_0423,1526304352,732,755,313,134,2,en,0,0
9.96E+17,Mehmetz17217100,1526304352,16,21,259,658,0,en,0,0
9.96E+17,guushikokaito,1526304350,135,354,525,0,0,ja,0,0
9.96E+17,nachi_williams_,1526304345,0,35,4,1,0,en,0,0
9.96E+17,sakarasu_dc,1526304344,205,20,687,195,0,ja,0,0
9.96E+17,ColeMeyerhoeff2,1526304343,10,56,7,0,0,en,0,0
9.96E+17,Rola_around30,1526304337,41,42,699,932,0,en,0,0
9.96E+17,_dohyang_,1526304328,118,109,133,816,0,ko,0,0
9.96E+17,Idealase85,1526304297,1,13,0,0,0,en,0,0
9.96E+17,gmiAutomotive,1526304296,1,21,15,6,0,en,0,0
9.96E+17,Oil42567466,1526304296,2,5,477,20,0,en,0,0
9.96E+17,xbiura,1526304295,34,66,64,10,0,en,0,0
9.96E+17,omeko_doukutu,1526304259,36,63,441,0,0,en,0,0
9.96E+17,Angie88606394,1526304251,1,41,0,0,0,en,0,0
9.96E+17,MyKorea6,1526304240,19,39,759,1644,0,en,0,0
9.96E+17,therealchannel1,1526304240,7,11,63,66,0,en,0,0
9.96E+17,melanieazubuike,1526304237,491,1525,95,87,0,en,0,0
9.96E+17,Irene69764514,1526304235,28,62,884,1073,1,es,0,0
9.96E+17,tima_bgtn,1526304231,177,859,4679,1487,0,en,0,0
9.96E+17,donnie_yarber,1526304221,198,2310,323,406,0,en,0,0
9.96E+17,sanalove1022,1526304220,189,266,159,258,0,en,0,0
9.96E+17,redchoricho,1526304218,40,54,4515,1471,0,ko,0,0
9.96E+17,Nicola27594284,1526304216,5,197,1,4,0,en,0,0
9.96E+17,sachi_BISH,1526304206,147,165,211,1364,1,en,0,0
9.96E+17,larryslade7,1526304201,5,149,82,397,0,en,0,0
9.96E+17,MhdMxyrul,1526304194,3,57,40,4,0,en,0,0
9.96E+17,ARMY03308499,1526304180,2,4,2,121,0,en,0,0
9.96E+17,DecatMichel,1526304178,3,248,0,2,0,en,0,0
9.96E+17,SyahirahRalin,1526304168,2,140,38,89,0,en,0,0
9.96E+17,JoakoCA3,1526304165,25,95,81,602,0,en,0,0
9.96E+17,JesKracht,1526304159,3,93,71,118,0,en,0,0
9.96E+17,masue43391951,1526304143,161,257,160,275,1,en,0,0
9.96E+17,BadshahKhan0001,1526304139,2,7,480,647,0,en,0,0
9.96E+17,Spago68309977,1526304138,5,93,6,9,0,en,0,0
9.96E+17,Zh0LzyAOC1qJ06x,1526304135,0,15,119,3,0,en,0,0
9.96E+17,RsZ6qF9FDkC1pQN,1526304130,12,33,687,86,0,zh-CN,0,0
9.96E+17,HaciYakup_,1526304109,286,275,476,92,0,tr,0,0
9.96E+17,Cristia53767355,1526304101,7,133,4,1,0,en,0,0
9.96E+17,NEA240,1526304096,6,86,14,65,0,en,0,0
9.96E+17,SEON_0613_,1526304089,52,143,403,217,0,ko,0,0
9.96E+17,Gemaluna09,1526304084,8,25,89,60,0,es,0,0
9.96E+17,warliess,1526304081,8,109,40,20,0,tr,0,0
9.96E+17,Hassan08812995,1526304078,0,50,0,0,0,en,0,0
9.96E+17,shika_momo_2,1526304076,1436,1885,290,0,0,ja,0,0
9.96E+17,fato219,1526304069,126,85,161,177,0,ar,0,0
9.96E+17,Turki_7amed,1526304068,60,101,142,21,0,en,0,0
9.96E+17,MarkTabiano1,1526304066,11,97,63,31,0,en,0,0
9.96E+17,hs_andradde,1526304064,15,34,27,243,0,pt,0,0
9.96E+17,BKManagement1,1526304062,126,130,24,48,1,en,0,0
9.96E+17,JT99pckXA2pMY7M,1526304056,133,408,244,702,0,en,0,0
9.96E+17,tatikawa1200731,1526304053,554,938,53,204,0,en,0,0
9.96E+17,ASI71713,1526304045,28,185,410,1303,0,en,0,0
9.96E+17,Daniela66453813,1526304041,5,28,22,38,0,en,0,0
9.96E+17,love_live_bich,1526304032,152,334,540,0,0,ja,0,0
9.96E+17,adagio_io,1526304001,19,7,7,2,0,fr,0,0
9.96E+17,hummingggirll,1526304000,12,101,299,244,0,en,0,0
9.96E+17,ZiaShakeel2,1526303991,23,49,15,129,0,en,0,0
9.96E+17,lead4sure,1526303991,6,101,42,53,0,en,0,0
9.96E+17,princesssydneyp,1526303970,75,97,227,646,0,en,0,0
9.96E+17,CfoFHmPwFEGcwN3,1526303959,6,6,10,2,0,en,0,0
9.96E+17,JeanBelgueule,1526303959,287,952,26,1,0,fr,0,0
9.96E+17,mosveganfitness,1526303952,36,39,374,793,0,en,0,0
9.96E+17,TalleresBarrosF,1526303941,76,375,140,9,0,en,0,0
9.96E+17,Saadi52021246,1526303936,1,5,32,37,0,en,0,0
9.96E+17,yo_nedu_Gensi,1526303930,867,1568,407,0,1,ja,0,0
9.96E+17,proudkingtan,1526303928,129,153,1937,134,0,tr,0,0
9.96E+17,jiminsshibaebae,1526303927,496,499,3049,5485,0,en,0,0
9.96E+17,fedealan96,1526303926,39,201,283,226,0,es,0,0
9.96E+17,SevillaAlix,1526303923,3,120,1,5,0,en,0,0
9.96E+17,memento_001,1526303903,157,148,449,2546,0,ko,0,0
9.96E+17,Sunie40496757,1526303900,0,18,229,245,0,en,0,0
9.96E+17,SavingLuciferSP,1526303897,166,114,3028,5037,0,es,0,0
9.96E+17,_venusya,1526303894,15,22,363,102,1,en,0,0
9.96E+17,malatjie_ntsako,1526303877,48,118,237,295,0,en,0,0
9.96E+17,jma_ox,1526303876,40,76,79,8,0,en,0,0
9.96E+17,Lq5lJoJMidzdTz0,1526303874,3263,5001,6438,6413,0,en,0,0
9.96E+17,manayer080,1526303870,57,60,99,21,0,en,0,0
9.96E+17,Hoseok85402601,1526303869,145,257,502,867,0,en,0,0
9.96E+17,FlyWithIM960126,1526303853,0,2,23,2,0,en,0,0
9.96E+17,urajoe_555,1526303842,16,22,139,93,0,ja,0,0
9.96E+17,ugh752,1526303839,27,39,523,13,0,en,0,0
9.96E+17,gun_man_twt,1526303804,114,110,6767,102,0,en,0,0
9.96E+17,roakiss_,1526303803,115,68,42,57,4,en,0,0
9.96E+17,Amanda71663860,1526303788,36,94,88,500,0,pt,0,0
9.96E+17,XWohan,1526303787,33,42,1670,2117,1,tr,0,0
9.96E+17,Gustavo93030323,1526303786,7,50,13,4,0,en,0,0
9.96E+17,btssweetsmile,1526308216,338,661,12427,265,0,id,0,0
9.96E+17,dreaming_gomi,1526308205,56,59,4267,3157,0,ko,0,0
9.96E+17,galahad_kun4,1526308204,4,18,39,5,0,en,0,0
9.96E+17,gabisantos7811,1526308199,163,307,3989,3731,0,pt,0,0
9.96E+17,Mostafa60149673,1526308197,16,16,1006,4,0,ar,0,0
9.96E+17,AdvBalawal,1526308192,29,256,3,12,0,en,0,0
9.96E+17,JENX20JAM,1526308192,33,249,1211,5,0,en,0,0
9.96E+17,FranquetaJuarez,1526308182,1,31,2,133,0,pt,0,0
9.96E+17,jaganu6,1526308180,6,125,6,7,0,en,0,0
9.96E+17,BlinkMy6,1526308180,185,219,523,253,0,es,0,0
9.96E+17,SurferScreen,1526308175,17,93,70,6,0,en,0,0
9.96E+17,Ahmedei32481859,1526308169,7,193,1,3,0,en,0,0
9.96E+17,staffhlh,1526308168,0,11,2,0,0,en,0,0
9.96E+17,lienada_,1526308163,15,63,187,1996,0,fr,0,0
9.96E+17,MzeBafamze,1526308157,1,101,0,0,0,en,0,0
9.96E+17,SamGrayTTID,1526308152,34,100,794,3516,1,en,0,0
9.96E+17,Ubong_96,1526308140,185,660,40,614,0,en,0,0
9.96E+17,BTSJungkookO1,1526308135,10,24,499,12,0,en,0,0
9.96E+17,Soni83612453,1526308128,3,36,6,2,0,en,0,0
9.96E+17,Laura53132166,1526308121,24,80,205,1270,1,en,0,0
9.96E+17,s_mntsr,1526308119,12,27,240,235,0,en,0,0
9.96E+17,Elizer99548375,1526308116,0,48,1,3,0,en,0,0
9.96E+17,ShailjaDasi,1526308100,16,125,24,22,0,en,0,0
9.96E+17,donatoObenj,1526308100,204,398,647,958,0,en,0,0
9.96E+17,RaquelNILopez,1526308082,27,122,66,148,0,en,0,0
9.96E+17,KUN96FT,1526308075,127,78,2466,205,0,th,0,0
9.96E+17,ttdaniih,1526308059,131,112,1948,529,0,pt,0,0
9.96E+17,zaotin_pod,1526308056,102,103,5337,6057,2,en,0,0
9.96E+17,AProbach,1526308055,2,14,165,197,0,en,0,0
9.96E+17,JEBPissedSenio1,1526308053,0,15,0,0,0,en,0,0
9.96E+17,moco4cats,1526308049,108,187,340,715,0,ja,0,0
9.96E+17,sara1225_winter,1526308019,279,359,2493,5554,1,ja,0,0
9.96E+17,4pUAykMSxstfKLA,1526308016,4,11,10,0,0,en,0,0
9.96E+17,BoujeeStoner,1526308014,650,1106,97,52,0,en,0,0
9.96E+17,ShiftChallenge,1526308004,22,13,1479,0,0,en,0,0
9.96E+17,DimakatsoMosia3,1526308003,84,390,495,342,0,en,0,0
9.96E+17,trishad_olarte,1526308002,2,79,2,3,0,en,0,0
9.96E+17,JuanPan16142157,1526307994,16,135,191,34,0,es,0,0
9.96E+17,caticornswift,1526307980,16,65,66,45,0,en,0,0
9.96E+17,Kantawat23,1526307979,0,30,0,0,0,en,0,0
9.96E+17,5io6YrAJU1Nq2Jn,1526307973,132,186,277,437,0,en,0,0
9.96E+17,Saravan03297518,1526307973,9,124,0,14,0,en,0,0
9.96E+17,YacubNacif,1526307968,16,170,84,706,0,en,0,0
9.96E+17,konoyo_oware,1526307962,56,2,163,17,0,ja,0,0
9.96E+17,KuteKay3,1526307956,16,77,87,373,0,en,0,0
9.96E+17,angelje0nghans,1526307928,202,325,1896,2489,1,en,0,0
9.96E+17,NouraMuhammed15,1526307921,0,16,8,11,0,en,0,0
9.96E+17,armyglr,1526307921,7,70,116,181,0,tr,0,0
9.96E+17,gnsgvv,1526307920,4,20,795,872,0,en,0,0
9.96E+17,RanAfrique,1526307919,13,120,64,0,0,en,0,0
9.96E+17,Amber__1106,1526307911,5,4,1,1,0,en,0,0
9.96E+17,Heidiba23932810,1526307898,1,30,0,0,0,en,0,0
9.96E+17,smhkgGO1,1526307883,136,113,157,1219,1,en,0,0
9.96E+17,zs2YyLucOfmpCS1,1526307881,2,42,0,0,0,en,0,0
9.96E+17,nia_mbenyane,1526307872,4,80,0,4,0,en,0,0
9.96E+17,ch_u710130,1526307865,5,70,80,617,0,en,0,0
9.96E+17,duu_kon,1526307864,18,352,1984,2409,0,en,0,0
9.96E+17,hjkhor_bm,1526307863,3,56,4,301,0,en,0,0
9.96E+17,Priykanungo,1526307861,11,27,40,199,0,en,0,0
9.96E+17,JooSilv09175703,1526307853,211,2194,1619,4195,0,pt,0,0
9.96E+17,altheafaith0123,1526307849,36,338,1,0,0,en,0,0
9.96E+17,kenny_prescott,1526307842,10,42,40,674,0,en,0,0
9.96E+17,e_l_moeco,1526307839,37,54,131,159,4,ja,0,0
9.96E+17,tathkarty,1526307838,5,83,61,0,0,en,0,0
9.96E+17,bluelovesbts,1526307826,415,370,690,532,0,en,0,0
9.96E+17,PhakhaphonPhol1,1526307820,3,212,0,1299,0,th,0,0
9.96E+17,SekoraKristin,1526307817,1,100,0,0,0,en,0,0
9.96E+17,AyshaFurniture,1526307811,11,325,40,150,0,en,0,0
9.96E+17,LoveV6andMasa,1526307803,196,426,2407,2203,0,en,0,0
9.96E+17,BarbaraVediaDe1,1526307801,90,243,206,142,0,en,0,0
9.96E+17,jewelry_llyy,1526307800,374,17,1175,855,0,en,0,0
9.96E+17,menderesbitlis2,1526307799,0,0,202,3,0,tr,0,0
9.96E+17,Cutie_Afra,1526307796,197,30,1939,658,0,en,0,0
9.96E+17,bangtanranki,1526307795,601,593,3287,6785,1,tr,0,0
9.96E+17,baekhyunvibes,1526307790,1502,1189,1118,1443,0,en,0,0
9.96E+17,scottcope17,1526307761,3,118,22,22,0,en,0,0
9.96E+17,Ritik91313565,1526307761,6,14,0,102,0,en,0,0
9.96E+17,alrashidai_,1526307758,13,18,55,2,0,en,0,0
9.96E+17,portaleurio,1526307756,104,21,196,116,1,pt,0,0
9.96E+17,joonha93,1526307741,27,21,1366,1161,0,vi,0,0
9.96E+17,QuetoLugo,1526307741,35,146,63,351,0,en,0,0
9.96E+17,bbanxna,1526307738,62,61,1012,9,3,en,0,0
9.96E+17,Patrick31075564,1526307734,21,275,12,113,0,en,0,0
9.96E+17,taebae81555951,1526307729,7,15,611,384,0,en,0,0
9.96E+17,SapongJnr,1526307728,1,142,15,2,0,en,0,0
9.96E+17,HDSalud,1526307728,522,402,235,2050,1,es,0,0
9.96E+17,PiliPiola,1526307720,10,75,39,25,0,es,0,0
9.96E+17,nominisprime,1526307717,17,77,100,88,0,en,0,0
9.96E+17,smiledbysebas,1526307711,6,50,169,189,0,es,0,0
9.96E+17,MinYoon43363525,1526307691,99,75,705,107,0,en,0,0
9.96E+17,next_kou,1526307681,1109,953,61,0,1,ja,0,0
9.96E+17,lostonselly__,1526307677,385,844,1960,7523,1,tr,0,0
9.96E+17,GraceAn14416744,1526307676,0,248,0,11,0,en,0,0
9.96E+17,Andrewilburn5,1526307674,10,175,32,7,0,en,0,0
9.96E+17,Aqar_Cafe,1526307666,204,256,449,166,0,ar,0,0
9.96E+17,KimSeokJinFan3,1526307664,277,256,6390,4198,0,en,0,0
9.96E+17,Superrrr_Star,1526307658,9,122,0,0,0,en,0,0
9.96E+17,balllessrajini,1526307653,3,18,690,1009,0,en,0,0
9.96E+17,butler_anija,1526307651,0,40,0,0,0,en,0,0
9.96E+17,UwuVero,1526307618,243,393,1351,1648,0,es,0,0
9.96E+17,dzcj97ojt1,1526307617,828,1,26,1,4,ar,0,0
9.96E+17,Alexsixtus5,1526307616,3,62,4,16,0,en,0,0
9.96E+17,Pepe_Duarte10,1526307616,179,176,269,504,0,en,0,0
9.96E+17,minusch_afonso,1526307607,25,258,17,23,0,de,0,0
9.96E+17,manonsoyoung,1526307592,1,77,4,248,0,en,0,0
9.96E+17,Florenc22813754,1526307588,206,765,791,1239,0,en,0,0
9.96E+17,sugaliciousman,1526307588,265,325,1072,567,0,en,0,0
9.96E+17,Shaikahalqrb,1526307585,32,68,416,98,0,ar,0,0
9.96E+17,Xaimarie_12,1526307585,95,160,351,151,0,en,0,0
9.96E+17,TMAKGETLANE,1526307582,84,1099,581,620,0,en,0,0
9.96E+17,kookchil_97,1526307578,220,223,903,602,0,en,0,0
9.96E+17,minhyunx200,1526307570,170,47,4372,175,0,en,0,0
9.96E+17,TimeMachine2018,1526307565,85,232,709,196,0,en,0,0
9.96E+17,kultur_d,1526307565,74,348,240,49,2,en,0,0
9.96E+17,Manuellorona1,1526307562,4,13,145,156,0,en,0,0
9.96E+17,XIII__newmoon,1526307555,23,30,173,56,0,ja,0,0
9.96E+17,Sialkoti16,1526307552,3,66,9,14,0,en,0,0
9.96E+17,EnricoMatias7,1526307551,4,101,1,1,0,en,0,0
9.96E+17,uSNEN21fRufOMdN,1526307550,204,360,202,462,0,en,0,0
9.96E+17,Abdulla70596794,1526307547,44,855,26,62,0,en,0,0
9.96E+17,R34shlo,1526307545,199,213,195,149,0,en,0,0
9.96E+17,hanakos_8753,1526307544,65,79,3404,1612,1,ja,0,0
9.96E+17,__ouaX514,1526307542,65,110,857,1830,0,ja,0,0
9.96E+17,pilotships,1526307537,1,42,11,49,0,en,0,0
9.96E+17,lesliessss1,1526307536,1,2,40,1,0,en,0,0
9.96E+17,TamngenS,1526307534,3,63,743,0,0,en,0,0
9.96E+17,parkjmn0395,1526307534,559,720,2213,3638,0,en,0,0
9.96E+17,SemvaxS,1526307529,0,16,103,14,0,en,0,0
9.96E+17,sehun_bloomy,1526307520,282,353,435,77,0,ko,0,0
9.96E+17,Clement37330990,1526307520,2,22,1,0,0,en,0,0
9.96E+17,AnaBeatrizmf14,1526307519,7,84,0,15,0,pt,0,0
9.96E+17,butonlyjust,1526307519,3,354,2758,16,0,en,0,0
9.96E+17,Nao08023516,1526307518,0,1,505,0,0,en,0,0
9.96E+17,Nct_jinjajoa,1526307504,688,681,11241,11256,3,en,0,0
9.96E+17,BaitAyola,1526307501,2353,0,18,22,0,en,0,0
9.96E+17,Barbara95834490,1526307501,4,37,200,96,0,en,0,0
9.96E+17,jwisobp,1526307494,757,777,2534,85,8,en,0,0
9.96E+17,SuddithKen,1526307487,5,95,0,6,0,en,0,0
9.96E+17,AdaniBannaadani,1526307487,3,83,2,6,0,en,0,0
9.96E+17,1sCEk1InteG6tI8,1526307475,62,280,1306,48,0,ar,0,0
9.96E+17,MDS_news,1526307466,37,43,40,0,0,en,0,0
9.96E+17,Qouietloud1,1526307460,115,553,176,296,0,en,0,0
9.96E+17,SaahMorena_,1526307448,6,49,149,130,0,pt,0,0
9.96E+17,Miladysfonseca4,1526307447,0,64,0,0,0,en,0,0
9.96E+17,1211daichi,1526307446,142,263,209,1328,0,en,0,0
9.96E+17,Piangdao8,1526307440,18730,34,18,15,3,en,0,0
9.96E+17,Djebbizeineb1,1526307435,10,397,23,26,0,en,0,0
9.96E+17,Kitkat1813,1526307431,0,79,0,0,0,en,0,0
9.96E+17,marketi69020477,1526307419,35,554,60,40,0,en,0,0
9.96E+17,LaysFernandes22,1526307412,24,198,29,59,0,pt,0,0
9.96E+17,MontshiMahao,1526307408,158,573,237,3216,0,en,0,0
9.96E+17,hyuna_png,1526307406,27,77,155,96,2,en,0,0
9.96E+17,lovrkennie,1526307404,6,85,1,0,0,en,0,0
9.96E+17,abubakaryausec,1526307397,6,39,0,1,0,en,0,0
9.96E+17,AAP__star,1526307395,406,269,190,0,0,ar,0,0
9.96E+17,TeamDonKiss1,1526307392,285,452,1805,2933,0,en,0,0
9.96E+17,NCT_MRKLEE,1526307391,449,476,983,3,1,id,0,0
9.96E+17,cierralovvorn1,1526307388,14,185,97,38,0,en,0,0
9.96E+17,TaeIsMyDemon,1526307381,221,271,3177,2484,0,en,0,0
9.96E+17,KaplanGeyik,1526307380,149,166,1493,1853,0,tr,0,0
9.96E+17,festus80234560,1526307379,3,100,3,0,0,en,0,0
9.96E+17,lrncvrz,1526307369,4,40,12,14,0,en,0,0
9.96E+17,Arr17A,1526307361,459,633,53,14,0,en,0,0
9.96E+17,VlbHEItPsPk7a32,1526307355,0,50,0,0,0,en,0,0
9.96E+17,JM_Love95,1526307348,298,296,778,289,0,en,0,0
9.96E+17,guccijrxlucas,1526307347,117,128,849,16,0,en,0,0
9.96E+17,Ryang_st,1526307336,3,41,97,260,1,ko,0,0
9.96E+17,qvxkp,1526307334,14,79,218,474,0,ar,0,0
9.96E+17,rain32GOT7,1526307333,34,66,643,755,0,en,0,0
9.96E+17,mpho_mukhwana,1526307331,0,112,1,39,0,en,0,0
9.96E+17,dMErDI0rDCWjiBK,1526307329,165,0,346,6,0,ar,0,0
9.96E+17,CartagenaHumana,1526307322,143,469,1613,13307,0,es,0,0
9.96E+17,LavishKvngTay,1526307322,9,17,388,411,0,en,0,0
9.96E+17,lidyabritania,1526307321,2,43,649,408,0,en,0,0
9.96E+17,EsperanceIngab2,1526307317,2,9,3,26,0,en,0,0
9.96E+17,UNEFsorbonneU,1526307317,65,237,43,64,0,fr,0,0
9.96E+17,BTSARMY55681665,1526307316,22,37,257,3974,0,en,0,0
9.96E+17,En8JTBj2FBlPndg,1526307313,234,469,777,2488,1,el,0,0
9.96E+17,ih_discount,1526307308,1,0,892,1,0,ar,0,0
9.96E+17,E03TCM3tX1lz3Vm,1526307302,8,68,432,65,0,ar,0,0
9.96E+17,ircroofingtexas,1526307297,1,3,4,6,0,en,0,0
9.96E+17,LKYM_22,1526307293,5,99,0,0,0,en,0,0
9.96E+17,tae_genius,1526307283,204,312,1236,282,0,es,0,0
9.96E+17,manhu_finest,1526307273,6,113,2,20,0,en,0,0
9.96E+17,berlinisnotdead,1526307273,100,168,39,8,0,en,0,0
9.96E+17,Rampalbhamu9,1526307270,588,0,723,712,0,en,0,0
9.96E+17,Jonathanfaria02,1526307270,220,312,97,430,0,pt,0,0
9.96E+17,G0j04nptfEY4a5Z,1526307269,1099,1323,848,372,0,en,0,0
9.96E+17,Got7jjjyymb,1526307258,119,265,1128,1192,0,en,0,0
9.96E+17,WWinedown,1526307255,36,155,54,9,0,en,0,0
9.96E+17,MalachiMcL_5,1526307247,62,97,36,52,0,en,0,0
9.96E+17,guneydogu47,1526307247,183,158,1479,1362,0,en,0,0
9.96E+17,yfleXm6L7SZP369,1526307244,219,346,85,383,0,ja,0,0
9.96E+17,i_vu__in,1526307238,12,23,452,413,0,ja,0,0
9.96E+17,BaitBimini,1526307237,9,3,54,2,0,en,0,0
9.96E+17,Hauzen92,1526307228,393,1441,267,13,0,en,0,0
9.96E+17,linda_luna91,1526307226,144,158,1730,354,0,ko,0,0
9.96E+17,Aziza17885563,1526307217,73,528,665,1206,0,id,0,0
9.96E+17,Wolfied6,1526307214,184,232,710,945,0,en,0,0
9.96E+17,hersheokjin,1526307208,370,1007,791,59,0,en,0,0
9.96E+17,Yieun_YG,1526307205,50,139,1730,1779,0,vi,0,0
9.96E+17,Muhamma96359924,1526307198,14,170,3,3,0,en,0,0
9.96E+17,JaggerEsch,1526307179,18,67,38,39,0,en,0,0
9.96E+17,sanah_sabri,1526307177,56,243,684,768,0,en,0,0
9.96E+17,Nin_naja987654,1526307173,2302,178,30,67,2,th,0,0
9.96E+17,himekyun1119,1526307164,114,81,1679,3469,1,ja,0,0
9.96E+17,CzjXtWDMcn7Nppp,1526307162,397,392,4032,3360,5,en,0,0
9.96E+17,S____20S,1526307160,8,39,75,7,0,ar,0,0
9.96E+17,LuanaVi1015,1526307159,96,484,875,748,0,pt,0,0
9.96E+17,MedhatTaha18,1526307152,1410,1296,84,149,1,en,0,0
9.96E+17,wmrpzs4xvmuFiWW,1526307145,116,119,6,107,0,en,0,0
9.96E+17,siobhanellen_,1526307143,20,143,109,277,0,en,0,0
9.96E+17,L_Feliixxx,1526307142,19,82,8,12,0,pt,0,0
9.96E+17,JoseReynoza2,1526307133,5,17,32,19,0,en,0,0
9.96E+17,jambalalalala,1526307132,36,32,50,87,0,en,0,0
9.96E+17,Ryoma_KoyaLOVE,1526307126,169,211,308,1521,0,en,0,0
9.96E+17,justbsma,1526307121,13,273,85,16,0,ar,0,0
9.96E+17,leaurat__,1526307120,25,20,120,103,0,en,0,0
9.96E+17,Revencgrg99gma1,1526307118,0,14,1,1,0,en,0,0
9.96E+17,13JIMINFAN,1526307118,156,153,1645,1833,0,en,0,0
9.96E+17,cadw79,1526307113,123,254,2003,1971,0,en,0,0
9.96E+17,sehayyyyyy,1526307111,197,179,6,109,0,tr,0,0
9.96E+17,Btrea_,1526307109,447,38,1821,111,1,en,0,0
9.96E+17,costello_in,1526307104,46,256,4172,3559,1,es,0,0
9.96E+17,rachelamynicho1,1526307101,5,50,13,9,0,en,0,0
9.96E+17,bangxxtan_,1526307092,95,22,2227,994,0,es,0,0
9.96E+17,drey7799,1526307089,7,33,102,1624,0,en,0,0
9.96E+17,natjanemagee,1526307085,11,29,106,172,0,en,0,0
9.96E+17,ootanisyouheika,1526307074,551,1823,686,85,0,ja,0,0
9.96E+17,mazwi_rode,1526307072,1,83,64,45,0,en,0,0
9.96E+17,NoelleAnne5,1526307071,35,49,356,413,0,en,0,0
9.96E+17,Khethel23554280,1526307070,3,93,1,4,0,en,0,0
9.96E+17,bnvMdeFzyHL8JP4,1526307070,106,117,1191,1557,7,en,0,0
9.96E+17,Kenanka40165178,1526307063,19,145,316,306,0,tr,0,0
9.96E+17,ArifSyafiq28,1526307061,10,52,403,608,0,en,0,0
9.96E+17,JF_DK97,1526307057,457,478,4822,19,21,id,0,0
9.96E+17,3rdWorld5,1526307055,4,52,41,61,0,en,0,0
9.96E+17,VNPedroo,1526307053,98,95,579,144,0,pt,0,0
9.96E+17,MiSu25986938,1526307050,234,860,4739,5031,0,vi,0,0
9.96E+17,BQMZ87vjJFkWklE,1526307044,9,22,23,16,0,ja,0,0
9.96E+17,SSRINinja,1526307043,2,10,14,9,0,en,0,0
9.96E+17,kazi_ahemad,1526307042,0,4,27,12,0,en,0,0
9.96E+17,itsaSWIFTlifexo,1526307041,15,78,162,53,0,en,0,0
9.96E+17,RhamerWesley,1526307041,0,5,10,2,0,en,0,0
9.96E+17,Shahinrahman77,1526307039,2,120,1,3,0,en,0,0
9.96E+17,SamMosley18,1526307033,21,22,7,0,0,en,0,0
9.96E+17,VuufEf1995,1526307029,4,8,213,25,0,en,0,0
9.96E+17,Odilala2,1526307025,306,1013,1519,1559,0,en,0,0
9.96E+17,naveenlog271,1526307020,0,59,17,112,0,en,0,0
9.96E+17,tfaure2,1526307016,8,160,26,66,0,en,0,0
9.96E+17,Tamer48895954,1526307004,1,10,1,1,0,en,0,0
9.96E+17,fordsetitog,1526306988,0,44,54,0,1,ru,0,0
9.96E+17,othinko_no1,1526306986,88,302,496,0,0,en,0,0
9.96E+17,honeybimbz31,1526306984,5,57,0,3,0,en,0,0
9.96E+17,vulgocarool,1526306983,110,185,596,33,0,pt,0,0
9.96E+17,djrockinjohn47,1526306983,26,103,179,15,0,en,0,0
9.96E+17,mio__3_0,1526306982,200,85,79,334,1,en,0,0
9.96E+17,Iamnurseneri,1526306979,0,33,0,0,0,en,0,0
9.96E+17,Nouran57584116,1526306977,8,142,302,738,0,en,0,0
9.96E+17,eeyenies,1526306976,154,366,1072,753,2,en,0,0
9.96E+17,Randomcithe,1526306972,1,13,119,25,0,en,0,0
9.96E+17,t_6v6_m,1526306971,86,128,682,2952,1,en,0,0
9.96E+17,Dosan_OffTR,1526306959,23,16,95,12,0,ko,0,0
9.96E+17,AnugrahJayaUta2,1526306958,7,229,14,0,0,id,0,0
9.96E+17,KumarKamal97,1526306952,4,18,1211,1801,0,en,0,0
9.96E+17,k_frvr,1526306946,42,104,884,4487,0,uk,0,0
9.96E+17,AmarlataSangwan,1526306946,12,35,69,72,0,en,0,0
9.96E+17,Ink_Spain,1526306944,12,18,51,28,0,es,0,0
9.96E+17,Kauany50297508,1526306942,5,60,1,6,0,en,0,0
9.96E+17,KTu9iQ0zYB9GNiN,1526306939,500,712,111,285,0,ar,0,0
9.96E+17,Oyewole95624181,1526306922,191,546,79,10,0,en,0,0
9.96E+17,sho____world,1526306920,443,371,1596,4466,3,en,0,0
9.96E+17,_xggg_,1526306920,142,508,481,4523,0,en,0,0
9.96E+17,BrunoNeira10,1526306919,6,28,9,32,0,en,0,0
9.96E+17,DeidraLovegren,1526306919,36,593,9,118,0,en,0,0
9.96E+17,DefensaChubut,1526306914,131,68,28,1,0,es,0,0
9.96E+17,mayre_ann,1526306911,1,59,9,5,0,en,0,0
9.96E+17,IsmaelSilvaSa18,1526306911,0,50,3,0,0,en,0,0
9.96E+17,najduch_alyssa,1526306904,2,80,3,0,0,en,0,0
9.96E+17,SEHKWN,1526306898,88,88,67,21,0,fi,0,0
9.96E+17,skjeong1643,1526306898,2265,2528,229,515,20,ko,0,0
9.96E+17,gokhan_mert_dzc,1526306882,67,113,325,9,0,tr,0,0
9.96E+17,nmoOipTvWASPm0Q,1526306875,1887,2066,805,445,7,ja,0,0
9.96E+17,ana_bray_tech,1526306864,476,296,2441,1758,2,en,0,0
9.96E+17,ttteeeechi,1526306853,5,22,1355,257,1,en,0,0
9.96E+17,10_Kuzutetsu,1526306840,256,409,3662,12193,20,en,0,0
9.96E+17,coindrop0x,1526306840,1725,130,29,8,5,en,0,0
9.96E+17,dhwlralsgusQns,1526306836,103,82,514,168,1,ko,0,0
9.96E+17,hpkDFDnUQ5c5I06,1526306831,54,54,201,678,0,en,0,0
9.96E+17,HeavyMetalThurs,1526306828,81,398,712,549,0,en,0,0
9.96E+17,than193,1526306820,375,475,1273,1287,0,en,0,0
9.96E+17,MedicalAlandra,1526306818,2,34,11,0,0,en,0,0
9.96E+17,coii00,1526306816,112,116,964,1519,0,en,0,0
9.96E+17,Taetae20351555,1526306814,205,506,1102,1100,0,en,0,0
9.96E+17,Rabbity_Art,1526306813,6547,143,73,178,34,th,0,0
9.96E+17,RaviKumarSahu06,1526306805,193,340,265,3664,0,en,0,0
9.96E+17,SARAH55205,1526306804,44,124,387,195,0,en,0,0
9.96E+17,Lulu81577480,1526306802,2,20,0,0,0,en,0,0
9.96E+17,phpremiumseller,1526306799,151,0,24,27,0,en,0,0
9.96E+17,snothando_busie,1526306793,37,417,27,7,0,en,0,0
9.96E+17,olivecrowtit,1526306791,28,112,457,228,0,en,0,0
9.96E+17,43ZIW8STTwqvL5d,1526306791,7,36,85,203,0,en,0,0
9.96E+17,saracrypto2018,1526306779,364,877,545,279,0,en,0,0
9.96E+17,openses92082780,1526306778,1031,62,765,1435,12,en,0,0
9.96E+17,that_tcb,1526306776,11,111,50,658,0,en,0,0
9.96E+17,ShimaDol1,1526306771,1,95,0,0,0,en,0,0
9.96E+17,Gray56232620,1526306762,2,43,204,31,0,en,0,0
9.96E+17,Mari36192287,1526306743,7,6,743,249,0,en,0,0
9.96E+17,AngelaLoving8,1526306738,0,100,0,1,0,en,0,0
9.96E+17,creety20,1526306731,6,93,0,0,0,en,0,0
9.96E+17,btsisourlife,1526306724,367,395,4012,601,1,en,0,0
9.96E+17,EdwinScalo,1526306714,31,287,242,540,0,en,0,0
9.96E+17,korokorone89,1526306709,148,137,2461,5913,14,en,0,0
9.96E+17,BtsOy73483788,1526306702,183,300,438,105,0,tr,0,0
9.96E+17,austinenduka3,1526306696,3,15,0,0,0,en,0,0
9.96E+17,joana_pagliari,1526306695,5,45,91,158,0,en,0,0
9.96E+17,perpetuallyhorn,1526306695,750,181,1349,169,5,en,0,0
9.96E+17,WlSDOMOUS,1526306695,78,4,3,2,0,en,0,0
9.96E+17,ST4Plus4is8,1526306692,0,8,2,2,0,en,0,0
9.96E+17,pllus_sony,1526306691,28,0,22,28,0,ar,0,0
9.96E+17,PaulLew37968237,1526306684,1,62,0,0,0,en,0,0
9.96E+17,HurricaneRelie6,1526306680,2,23,2,1,0,en,0,0
9.96E+17,VisualArts_PR,1526306664,1151,60,68,565,13,ja,0,0
9.96E+17,UmarHayat7867,1526306658,17,90,84,240,0,en,0,0
9.96E+17,dograde_,1526306657,65,46,726,749,0,en,0,0
9.96E+17,gracetxwns,1526306656,47,53,138,152,0,en,0,0
9.96E+17,NazMelanie,1526306642,788,858,21,222,0,tr,0,0
9.96E+17,Vskitofficial,1526306629,23,7,12,9,0,en,0,0
9.96E+17,Tshepo31238656,1526306628,39,142,16,53,0,en,0,0
9.96E+17,joe16611014,1526306624,144,230,2710,2500,0,en,0,0
9.96E+17,067___yooju___,1526306623,41,51,452,606,0,ja,0,0
9.96E+17,EventSpacesSA,1526306605,88,134,176,917,0,en,0,0
9.96E+17,heidywhipple3,1526306595,0,21,31,0,0,en,0,0
9.96E+17,Zeyzeydersin,1526306589,1174,955,191,357,0,tr,0,0
9.96E+17,mmq8FFMvTL5LS0B,1526306584,1,47,0,0,0,en,0,0
9.96E+17,popte233,1526306576,34,82,459,1257,1,en,0,0
9.96E+17,TheVoice_Addict,1526306574,19,165,256,1,0,fr,0,0
9.96E+17,yoongiarchivess,1526306558,10,32,90,58,0,en,0,0
9.96E+17,18mu2,1526306557,0,39,94,0,0,en,0,0
9.96E+17,Shahzad01866321,1526306530,19,575,18,294,0,en,0,0
